slug,title,label,url,year,month
berkeley-heights-news,Berkeley Heights Community News,Berkeley Heights Community News April 201,https://rennamedia.com/wp-content/uploads/2019/03/BerkeleyHeightsApr19.pdf,,
berkeley-heights-news,Berkeley Heights Community News,9,https://rennamedia.com/wp-content/uploads/2019/01/BerkeleyHeightsJan19.pdf,,
berkeley-heights-news,Berkeley Heights Community News,Berkeley Heights Community News March 201,https://rennamedia.com/wp-content/uploads/2019/02/BerkeleyHeightsMar19.pdf,,
berkeley-heights-news,Berkeley Heights Community News,9,https://rennamedia.com/wp-content/uploads/2019/01/BerkeleyHeightsJan19.pdf,,
berkeley-heights-news,Berkeley Heights Community News,Berkeley Heights Community News February 201,https://rennamedia.com/wp-content/uploads/2019/01/BerkeleyHeightsFeb19.pdf,,
berkeley-heights-news,Berkeley Heights Community News,9,https://rennamedia.com/wp-content/uploads/2019/01/BerkeleyHeightsJan19.pdf,,
berkeley-heights-news,Berkeley Heights Community News,Berkeley Heights Community News January 201,https://rennamedia.com/wp-content/uploads/2019/01/BerkeleyHeightsJan19.pdf,,
berkeley-heights-news,Berkeley Heights Community News,Download Advertising Rate Sheet,https://rennamedia.com/wp-content/uploads/2022/01/RMratesheet222.pdf,,
clark-monthly,Clark Monthly,Download Advertising Rate Sheet,https://rennamedia.com/wp-content/uploads/2022/01/RMratesheet222.pdf,,
east-hanover-view,East Hanover View,Download Advertising Rate Sheet,https://rennamedia.com/wp-content/uploads/2022/01/RMratesheet222.pdf,,
green-brook-gazette,Green Brook Gazette,Green Brook July,https://rennamedia.com/wp-content/uploads/2017/06/GBKJuly17.pdf,,
green-brook-gazette,Green Brook Gazette,2017,https://rennamedia.com/wp-content/uploads/2017/06/GBKJuly17.pdf,,
hanover-township-press,Hanover Township Press,Download Advertising Rate Sheet,https://rennamedia.com/wp-content/uploads/2022/01/RMratesheet222.pdf,,
life-in-roseland,Life in Roseland,Download Advertising Rate Sheet,https://rennamedia.com/wp-content/uploads/2022/01/RMratesheet222.pdf,,
livingston-monthly,Livingston Monthly,Download Advertising Rate Sheet,https://rennamedia.com/wp-content/uploads/2022/01/RMratesheet222.pdf,,
long-hill-leader,Long Hill Leader,Long Hill January,https://rennamedia.com/wp-content/uploads/2018/01/LongHillJan18.pdf,,
long-hill-leader,Long Hill Leader,2018,https://rennamedia.com/wp-content/uploads/2018/01/LongHillJan18.pdf,,
morris-township-times,Morris Township Times,Download Advertising Rate Sheet,https://rennamedia.com/wp-content/uploads/2022/01/RMratesheet222.pdf,,
morristown-monthly,Morristown Monthly,Download Advertising Rate Sheet,https://rennamedia.com/wp-content/uploads/2022/01/RMratesheet222.pdf,,
our-town-rahway,Our Town Rahway,,https://rennamedia.com/wp-content/uploads/2019/01/RahFeb19.pdf,,
our-town-rahway,Our Town Rahway,,https://rennamedia.com/wp-content/uploads/2018/03/RahMar18.pdf,,
our-town-rahway,Our Town Rahway,,https://rennamedia.com/wp-content/uploads/2017/05/RahMay17.pdf,,
our-town-rahway,Our Town Rahway,,https://rennamedia.com/wp-content/uploads/2017/05/RahMay17.pdf,,
our-town-rahway,Our Town Rahway,,https://rennamedia.com/wp-content/uploads/2017/05/RahMay17.pdf,,
our-town-rahway,Our Town Rahway,,https://rennamedia.com/wp-content/uploads/2017/05/RahMay17.pdf,,
peterstown-nj,Peterstown NJ,Peterstown NJ October 1999,https://www.rennamedia.com/wp-content/uploads/2016/11/aapOct99.pdf,,
scotch-plains-monthly,Scotch Plains Monthly,,https://rennamedia.com/wp-content/uploads/2019/01/SPMFeb19.pdf,,
spirit-of-union,Spirit of Union,,https://rennamedia.com/wp-content/uploads/2019/01/UniFeb19.pdf,,
spirit-of-union,Spirit of Union,,https://www.rennamedia.com/wp-content/uploads/2013/08/UniJan13.pdf,,
spirit-of-union,Spirit of Union,,https://www.rennamedia.com/wp-content/uploads/2013/08/UniJun13.pdf,,
spirit-of-union,Spirit of Union,,https://www.rennamedia.com/wp-content/uploads/2013/08/UniJun12.pdf,,
summit-times,Summit Times,,https://rennamedia.com/wp-content/uploads/2019/01/SummitFeb19.pdf,,
the-chathams,The Chathams,The ChathamsNovember 2018,https://rennamedia.com/wp-content/uploads/2018/11/ChathamsNov18.pdf,,
the-chathams,The Chathams,The ChathamsOctober 2018,https://rennamedia.com/wp-content/uploads/2018/09/ChathamsOct18.pdf,,
the-pride-of-northplainfield,Pride of North Plainfield,Download Advertising Rate Sheet,https://rennamedia.com/wp-content/uploads/2022/01/RMratesheet222.pdf,,
warren-monthly,Warren Monthly,,https://rennamedia.com/wp-content/uploads/2019/01/WarrenFeb19.pdf,,
westfield-monthly,Westfield Monthly,Westfield Monthly July 2o20,https://rennamedia.com/wp-content/uploads/2020/07/WestfieldJuly20.pdf,,
westfield-monthly,Westfield Monthly,,https://rennamedia.com/wp-content/uploads/2019/01/WestfieldFeb19.pdf,,
